Predictor variable,Categorical,Sample average
aspect,false,195.27483764648437
clay,false,226.56005096435547
fla,false,4237.359486694336
nitrogen,false,3474.334267578125
rivers,false,238.87050252914426
roads,false,118.13021800994879
sand,false,404.01025756835935
