Predictor variable,Categorical,Sample average
BIO03,false,39.10639007568359
BIO06,false,5.278378963470459
fla,false,4570.052123413086
green,false,0.11265010058879847
rivers,false,237.3450127029419
roads,false,106.36027118682865
soc,false,21.492177124023442
wo,false,1.0
