Predictor variable,Categorical,Sample average
aspect,false,189.89332012101715
clay,false,227.52565929936426
fla,false,4298.769031599456
nitrogen,false,3397.2970377604165
rivers,false,229.2135574677411
roads,false,114.53707023695407
sand,false,402.30591358858
