Predictor variable,Categorical,Sample average
BIO03,false,39.08497787475586
BIO06,false,5.273563003540039
BIO15,false,53.4293083190918
aspect,false,201.1116967773438
bkd,false,1.30755301952362
dndvi,false,-0.006949865513015546
fla,false,3645.9662713623047
ndwi2021,false,-0.34557586252689354
rivers,false,211.85593666076664
roads,false,120.75062343597416
slope,false,4.575085023641586
soc,false,21.321756896972666
tpi,false,0.09698182184249132
twi,false,8.445420932769773
wo,false,1.0
