Raw value,Corresponding cumulative value,Corresponding Logistic value,Fractional area,Training omission,Test omission
7.08108E-4,0.070810784,0.001723029,0.075,0.274193548,0
1.60106E-2,1.671866702,0.037559723,0.0625,0.274193548,0
5.17162E-2,6.843483914,0.11194583,0.05,0.274193548,0
5.40715E-2,12.250637204,0.116450571,0.0375,0.274193548,0
1.45419E-1,26.79255661,0.261696872,0.025,0.274193548,0
7.32074E-1,100,0.64085891,0.0125,0.274193548,0
1E0,100,0.709089705,0,0.274193548,0
