Predictor variable,Categorical,Sample average
aspect,false,186.94397247314453
clay,false,227.6686734008789
fla,false,3488.045776977539
nitrogen,false,3446.2175244140626
rivers,false,238.52816104888913
roads,false,101.68097082138064
sand,false,403.3440576171875
