Predictor variable,Categorical,Sample average
BIO03,false,38.987749633789065
BIO06,false,5.262093544006348
fla,false,3965.373916015625
green,false,0.11405643045902247
rivers,false,222.15056610107422
roads,false,112.69962551116946
soc,false,21.36154357910157
wo,false,1.0
