Predictor variable,Categorical,Sample average
BIO06,false,5.313827068574967
BIO3,false,39.09759226152973
green,false,0.11500167966850346
rivers,false,235.3734270834154
roads,false,115.56603411705271
sand,false,38.944437826833415
silt,false,36.23693367742723
soc,false,21.16190485800466
