Predictor variable,Categorical,Sample average
BIO03,false,39.17409976323446
BIO06,false,5.277874489625295
BIO15,false,53.44100999832154
green,false,0.1131787070383628
rivers,false,202.48670836289725
roads,false,127.5962024529775
soc,false,21.181136051813773
wo,false,1.0
