Predictor variable,Categorical,Sample average
aspect,false,184.91815963445922
clay,false,226.86428653492646
fla,false,3398.026341456993
nitrogen,false,3429.0911218979772
rivers,false,234.81527066698257
roads,false,125.9472720202278
sand,false,403.8363204656863
