Predictor variable,Categorical,Sample average
BIO03,false,39.195138702392576
BIO06,false,5.259833354949951
fla,false,4764.860509643555
green,false,0.11239999800920485
rivers,false,213.73170543670653
roads,false,125.82542240142826
soc,false,21.15853187561036
wo,false,1.0
