Predictor variable,Categorical,Sample average
BIO03,false,39.23343841552734
BIO06,false,5.262860794067382
fla,false,4859.375787963867
green,false,0.11246756315231321
rivers,false,222.66875232696526
roads,false,113.64646823883056
soc,false,21.18125701904297
wo,false,1.0
