Predictor variable,Categorical,Sample average
aspect,false,181.85981885124656
clay,false,226.7640332988664
fla,false,4226.22049817852
nitrogen,false,3383.319752412684
rivers,false,226.10403851901785
roads,false,125.48695352965714
sand,false,403.70543476179535
