Predictor variable,Categorical,Sample average
BIO03,false,39.09080932617187
BIO06,false,5.258798484802246
BIO15,false,53.352250518798826
aspect,false,192.3643041992187
bkd,false,1.307583832740784
dndvi,false,-0.01519499167101459
fla,false,4938.263895874024
ndwi2021,false,-0.35278642475605004
rivers,false,231.53103839874268
roads,false,106.8255491256714
slope,false,4.815968226194382
soc,false,21.35178680419923
tpi,false,0.009950942583381766
twi,false,8.886091995239257
wo,false,1.0
