Predictor variable,Categorical,Sample average
aspect,false,189.82323545568127
clay,false,228.10757476208258
fla,false,4423.318946090399
nitrogen,false,3476.3371103324143
rivers,false,239.71846496357634
roads,false,111.58199663723222
sand,false,402.72228285845586
