Predictor variable,Categorical,Sample average
aspect,false,191.0306275107644
clay,false,226.23558021314216
fla,false,3962.4361468228426
nitrogen,false,3439.9804909446025
rivers,false,235.8425584995385
roads,false,120.9707556782347
sand,false,404.8307351777048
