Predictor variable,Categorical,Sample average
aspect,false,182.94215866088868
clay,false,227.28070373535155
fla,false,4178.869544372558
nitrogen,false,3443.595849609375
rivers,false,217.80107179641723
roads,false,112.02506349563605
sand,false,403.0953179931641
