Predictor variable,Categorical,Sample average
BIO03,false,39.150778134663895
BIO04,false,570.6416320800781
BIO06,false,5.262789209683738
aspect,false,196.29596837361657
bkd,false,1.3062970836957297
fla,false,3815.4940433502197
green,false,0.11397210415452717
rivers,false,220.4529572725296
roads,false,130.79629735151929
slope,false,4.748181719332933
soc,false,21.240500688552867
texture,false,4.603857159614563
tpi,false,0.10467994143255023
twi,false,8.743425965309141
wo,false,1.0
