Predictor variable,Categorical,Sample average
BIO03,false,39.14672899246216
BIO06,false,5.242866814136505
fla,false,4808.322221755981
green,false,0.11117674255122743
rivers,false,234.25734388828278
roads,false,128.87497047583267
soc,false,21.40871516863506
wo,false,1.0
