Predictor variable,Categorical,Sample average
aspect,false,178.76065931133195
clay,false,226.89947719199984
fla,false,4221.699974508847
nitrogen,false,3427.3226629518995
rivers,false,240.42897615245747
roads,false,120.02349571153235
sand,false,404.13315238204655
