Predictor variable,Categorical,Sample average
aspect,false,188.9813766479492
clay,false,226.44243286132811
fla,false,4011.587133178711
nitrogen,false,3424.5471679687494
rivers,false,213.3187873649597
roads,false,115.51060890197759
sand,false,403.7240832519531
