Predictor variable,Categorical,Sample average
aspect,false,187.74410724639893
clay,false,225.93612933158875
fla,false,4218.880064487457
nitrogen,false,3435.489734649658
rivers,false,244.35893796384335
roads,false,114.40979443490508
sand,false,404.1925106048584
