Predictor variable,Categorical,Sample average
BIO03,false,39.19753158569336
BIO06,false,5.259355278015138
fla,false,4287.0177313232425
green,false,0.11425355792045595
rivers,false,212.99541492462157
roads,false,109.09712684631351
soc,false,21.386647033691414
wo,false,1.0
