Predictor variable,Categorical,Sample average
aspect,false,192.65531145293133
clay,false,226.94950498383622
fla,false,4093.4815886925007
nitrogen,false,3487.883090315194
rivers,false,244.1054215431213
roads,false,108.65066299767331
sand,false,405.2906236319706
