Raw value,Corresponding cumulative value,Corresponding Logistic value,Fractional area,Training omission,Test omission
1.88401E-10,0.000000019,0.000000001,0.0075,0.916666667,0
3.31184E-2,3.311840604,0.113901846,0.00625,0.916666667,0
8.58974E-2,11.901577025,0.250034798,0.005,0.916666667,0
1.89836E-1,30.885144788,0.424232811,0.00375,0.916666667,0
2.68504E-1,57.735590543,0.51032045,0.0025,0.916666667,0
4.22644E-1,100,0.62127197,0.00125,0.916666667,0
1E0,100,0.795137402,0,0.916666667,0
