Predictor variable,Categorical,Sample average
BIO03,false,39.11757583618164
BIO06,false,5.270219707489014
fla,false,4191.822323608399
green,false,0.11532844990491864
rivers,false,242.77700843811036
roads,false,131.1212345504761
soc,false,21.151131362915045
wo,false,1.0
