Raw value,Corresponding cumulative value,Corresponding Logistic value,Fractional area,Training omission,Test omission
1.76586E-10,0.000000018,0,0.048387097,0.338709677,0
2.80009E-4,0.028000894,0.000280651,0.032258065,0.338709677,0
9.9972E-1,100,0.500572647,0.016129032,0.338709677,0
1E0,100,0.500642659,0,0.338709677,0
