Predictor variable,Categorical,Sample average
BIO03,false,39.06571624755859
BIO06,false,5.263368759155274
fla,false,4936.546948242188
green,false,0.11260842353105549
rivers,false,226.80491764068603
roads,false,128.22677867889408
soc,false,21.360181503295912
wo,false,1.0
