Predictor variable,Categorical,Sample average
BIO03,false,39.182845153808586
BIO06,false,5.253420524597168
fla,false,4444.469860839844
green,false,0.11263775944709777
rivers,false,228.16509967803955
roads,false,124.90019317626955
soc,false,21.439093704223637
wo,false,1.0
