Predictor variable,Categorical,Sample average
aspect,false,191.72493881225583
clay,false,227.16527954101562
fla,false,4435.768742065429
nitrogen,false,3443.9164453125
rivers,false,212.90596185684205
roads,false,105.51308996200565
sand,false,403.3522723388672
