Predictor variable,Categorical,Sample average
BIO03,false,39.255715942382814
BIO06,false,5.27580556869507
fla,false,4637.237440795899
green,false,0.1141414251923561
rivers,false,165.40295856475834
roads,false,114.04134990692141
soc,false,21.062881011962904
wo,false,1.0
