Predictor variable,Categorical,Sample average
aspect,false,191.29291021412817
clay,false,226.26280133477573
fla,false,3938.994146675899
nitrogen,false,3444.7508881667563
rivers,false,243.25813469393498
roads,false,122.62895578351517
sand,false,404.62859055091593
