Predictor variable,Categorical,Sample average
BIO03,false,39.29184494018555
BIO06,false,5.250025177001954
fla,false,3938.1904315185548
green,false,0.11474810451269145
rivers,false,215.15962879180907
roads,false,132.5089141845703
soc,false,21.012530746459966
wo,false,1.0
