Predictor variable,Categorical,Sample average
aspect,false,189.73202396261277
clay,false,227.01736055571462
fla,false,3614.534529587318
nitrogen,false,3436.125694537985
rivers,false,234.8762528649692
roads,false,109.64478272405165
sand,false,402.9478633485991
