Predictor variable,Categorical,Sample average
aspect,false,193.30735060747932
clay,false,226.28484538957184
fla,false,4269.39520443187
nitrogen,false,3472.3895622702207
rivers,false,225.75436384537636
roads,false,112.52819665273037
sand,false,403.13292439778644
