Raw value,Corresponding cumulative value,Corresponding Logistic value,Fractional area,Training omission,Test omission
5.46729E-3,0.546728573,0.011093216,0.048387097,0.306451613,0
4.49569E-1,45.50362449,0.479821126,0.032258065,0.306451613,0
5.44964E-1,100,0.527888693,0.016129032,0.306451613,0
1E0,100,0.672322152,0,0.306451613,0
