Predictor variable,Categorical,Sample average
BIO03,false,39.08306869506836
BIO06,false,5.272841930389405
fla,false,4784.046215209962
green,false,0.11236566960811616
rivers,false,203.2598268508911
roads,false,110.14813915252685
soc,false,21.36599334716798
wo,false,1.0
