Predictor variable,Categorical,Sample average
aspect,false,191.39694767372282
clay,false,226.3016097124885
fla,false,3978.69247526281
nitrogen,false,3450.8994284237133
rivers,false,234.09089054780844
roads,false,115.83260938233023
sand,false,405.6991870356541
