Predictor variable,Categorical,Sample average
BIO03,false,39.155890803183276
BIO06,false,5.263164427972609
fla,false,4347.658417240266
green,false,0.11369832028304375
rivers,false,220.64770621638144
roads,false,122.30009149735976
soc,false,21.264303207397468
wo,false,1.0
