Predictor variable,Categorical,Sample average
aspect,false,189.80105885288168
clay,false,226.01569219221147
fla,false,3602.826022767184
nitrogen,false,3442.7657920435854
rivers,false,235.50536493669478
roads,false,112.99144878722075
sand,false,405.6648232978687
