Predictor variable,Categorical,Sample average
BIO03,false,39.11657867431641
BIO06,false,5.276192836761473
BIO15,false,53.45681655883789
green,false,0.11632414311170573
rivers,false,214.314909362793
roads,false,124.98188793182374
soc,false,21.114744110107427
wo,false,1.0
