Predictor variable,Categorical,Sample average
aspect,false,192.0510377594919
clay,false,225.839299288663
fla,false,3889.306667212284
nitrogen,false,3462.7057550603695
rivers,false,250.30379855994022
roads,false,116.757114666881
sand,false,405.47768517696494
