Predictor variable,Categorical,Sample average
aspect,false,197.2015524471507
clay,false,227.12884192373238
fla,false,4184.310250674977
nitrogen,false,3476.5466452205883
rivers,false,230.86676898657103
roads,false,113.22872945374141
sand,false,404.2334373324525
