Predictor variable,Categorical,Sample average
aspect,false,185.05904586791988
clay,false,226.28471557617186
fla,false,4469.098410339356
nitrogen,false,3387.1847802734374
rivers,false,238.7555739402771
roads,false,126.81705228805545
sand,false,405.19883850097654
