Predictor variable,Categorical,Sample average
BIO03,false,39.08497787475586
BIO06,false,5.273563003540039
fla,false,3645.9662713623047
green,false,0.11467313557863229
rivers,false,211.85593666076664
roads,false,120.75062343597416
soc,false,21.321756896972666
wo,false,1.0
