Raw value,Corresponding cumulative value,Corresponding Logistic value,Fractional area,Training omission,Test omission
1.96946E-9,0.000000197,0.000000002,0.0003,0,0
2.63191E-9,0.00000046,0.000000003,0.0002,0,0
1E0,100,0.500000023,0.0001,0,0
1E0,100,0.500000024,0,0,0
