Predictor variable,Categorical,Sample average
BIO03,false,39.18209106445312
BIO06,false,5.2390175056457515
fla,false,4737.936749877929
green,false,0.11360776215791699
rivers,false,224.4150207901001
roads,false,133.0861064529419
soc,false,21.180414733886725
wo,false,1.0
