Predictor variable,Categorical,Sample average
BIO03,false,39.07862609863281
BIO06,false,5.285358333587647
fla,false,3720.184025268555
green,false,0.11394195884466164
rivers,false,247.05157264709473
roads,false,123.19869327545167
soc,false,21.37628730773927
wo,false,1.0
