Predictor variable,Categorical,Sample average
aspect,false,191.37118829465376
clay,false,228.08246178720512
fla,false,4222.548345528397
nitrogen,false,3394.908073874081
rivers,false,221.39887493731928
roads,false,122.73293957055789
sand,false,403.1195858226103
