Predictor variable,Categorical,Sample average
BIO03,false,39.255707550048825
BIO06,false,5.258661479949953
fla,false,4708.905719604492
green,false,0.1133523657917976
rivers,false,207.14112903594972
roads,false,103.91910945892334
soc,false,21.125067749023437
wo,false,1.0
