Predictor variable,Categorical,Sample average
BIO03,false,39.052424621582034
BIO06,false,5.274542922973634
fla,false,4969.767155151367
green,false,0.1126117786765098
rivers,false,236.38084735870368
roads,false,98.85764003753663
soc,false,21.420944671630867
wo,false,1.0
