Predictor variable,Categorical,Sample average
aspect,false,189.75591412712546
clay,false,227.52462529201134
fla,false,4224.301510979148
nitrogen,false,3415.765897863051
rivers,false,220.81056914610022
roads,false,121.96739942887255
sand,false,402.2483771829044
