Predictor variable,Categorical,Sample average
aspect,false,188.1063900756836
clay,false,227.04084716796876
fla,false,4243.039612731934
nitrogen,false,3405.7669677734375
rivers,false,227.15630434036254
roads,false,119.26319248199468
sand,false,402.47303283691406
