Predictor variable,Categorical,Sample average
BIO03,false,39.05340560913086
BIO06,false,5.2627630424499525
fla,false,4862.176649780274
green,false,0.11292328894138333
rivers,false,213.90228885650635
roads,false,118.77703075408935
soc,false,21.363181610107432
wo,false,1.0
