Predictor variable,Categorical,Sample average
aspect,false,193.9424230538162
clay,false,227.97423209396064
fla,false,4097.826490813611
nitrogen,false,3441.5439405254288
rivers,false,245.83774170221062
roads,false,121.18794345855717
sand,false,405.125311758004
