Predictor variable,Categorical,Sample average
BIO03,false,39.205949249267576
BIO06,false,5.280059680938722
fla,false,4074.2587591552733
green,false,0.11465456157922742
rivers,false,242.34069194793702
roads,false,120.98876468658447
soc,false,21.251836318969726
wo,false,1.0
